session_id,elapsed_s,channel,packet_index,sample_in_packet,microvolts
demo-001,0.000000,TP9,100,0,0.00
demo-001,0.003906,TP9,100,1,4.86
demo-001,0.007812,TP9,100,2,9.43
demo-001,0.011719,TP9,100,3,13.43
demo-001,0.015625,TP9,100,4,16.63
demo-001,0.019531,TP9,100,5,18.83
demo-001,0.023438,TP9,100,6,19.90
demo-001,0.027344,TP9,100,7,19.78
demo-001,0.031250,TP9,100,8,18.48
demo-001,0.035156,TP9,100,9,16.06
demo-001,0.039062,TP9,100,10,12.69
demo-001,0.042969,TP9,100,11,8.55
demo-001,0.000000,AF7,100,0,5.00
demo-001,0.003906,AF7,100,1,9.86
demo-001,0.007812,AF7,100,2,14.43
demo-001,0.011719,AF7,100,3,18.43
demo-001,0.015625,AF7,100,4,21.63
demo-001,0.019531,AF7,100,5,23.83
demo-001,0.023438,AF7,100,6,24.90
demo-001,0.027344,AF7,100,7,24.78
demo-001,0.031250,AF7,100,8,23.48
demo-001,0.035156,AF7,100,9,21.06
demo-001,0.039062,AF7,100,10,17.69
demo-001,0.042969,AF7,100,11,13.55
demo-001,0.000000,AF8,100,0,-5.00
demo-001,0.003906,AF8,100,1,-0.14
demo-001,0.007812,AF8,100,2,4.43
demo-001,0.011719,AF8,100,3,8.43
demo-001,0.015625,AF8,100,4,11.63
demo-001,0.019531,AF8,100,5,13.83
demo-001,0.023438,AF8,100,6,14.90
demo-001,0.027344,AF8,100,7,14.78
demo-001,0.031250,AF8,100,8,13.48
demo-001,0.035156,AF8,100,9,11.06
demo-001,0.039062,AF8,100,10,7.69
demo-001,0.042969,AF8,100,11,3.55
demo-001,0.000000,TP10,100,0,10.00
demo-001,0.003906,TP10,100,1,14.86
demo-001,0.007812,TP10,100,2,19.43
demo-001,0.011719,TP10,100,3,23.43
demo-001,0.015625,TP10,100,4,26.63
demo-001,0.019531,TP10,100,5,28.83
demo-001,0.023438,TP10,100,6,29.90
demo-001,0.027344,TP10,100,7,29.78
demo-001,0.031250,TP10,100,8,28.48
demo-001,0.035156,TP10,100,9,26.06
demo-001,0.039062,TP10,100,10,22.69
demo-001,0.042969,TP10,100,11,18.55
demo-001,0.046875,TP9,101,0,3.90
demo-001,0.050781,TP9,101,1,-0.98
demo-001,0.054688,TP9,101,2,-5.81
demo-001,0.058594,TP9,101,3,-10.28
demo-001,0.062500,TP9,101,4,-14.14
demo-001,0.066406,TP9,101,5,-17.15
demo-001,0.070312,TP9,101,6,-19.14
demo-001,0.074219,TP9,101,7,-19.98
demo-001,0.078125,TP9,101,8,-19.62
demo-001,0.082031,TP9,101,9,-18.08
demo-001,0.085938,TP9,101,10,-15.46
demo-001,0.089844,TP9,101,11,-11.91
demo-001,0.046875,AF7,101,0,8.90
demo-001,0.050781,AF7,101,1,4.02
demo-001,0.054688,AF7,101,2,-0.81
demo-001,0.058594,AF7,101,3,-5.28
demo-001,0.062500,AF7,101,4,-9.14
demo-001,0.066406,AF7,101,5,-12.15
demo-001,0.070312,AF7,101,6,-14.14
demo-001,0.074219,AF7,101,7,-14.98
demo-001,0.078125,AF7,101,8,-14.62
demo-001,0.082031,AF7,101,9,-13.08
demo-001,0.085938,AF7,101,10,-10.46
demo-001,0.089844,AF7,101,11,-6.91
demo-001,0.046875,AF8,101,0,-1.10
demo-001,0.050781,AF8,101,1,-5.98
demo-001,0.054688,AF8,101,2,-10.81
demo-001,0.058594,AF8,101,3,-15.28
demo-001,0.062500,AF8,101,4,-19.14
demo-001,0.066406,AF8,101,5,-22.15
demo-001,0.070312,AF8,101,6,-24.14
demo-001,0.074219,AF8,101,7,-24.98
demo-001,0.078125,AF8,101,8,-24.62
demo-001,0.082031,AF8,101,9,-23.08
demo-001,0.085938,AF8,101,10,-20.46
demo-001,0.089844,AF8,101,11,-16.91
demo-001,0.046875,TP10,101,0,13.90
demo-001,0.050781,TP10,101,1,9.02
demo-001,0.054688,TP10,101,2,4.19
demo-001,0.058594,TP10,101,3,-0.28
demo-001,0.062500,TP10,101,4,-4.14
demo-001,0.066406,TP10,101,5,-7.15
demo-001,0.070312,TP10,101,6,-9.14
demo-001,0.074219,TP10,101,7,-9.98
demo-001,0.078125,TP10,101,8,-9.62
demo-001,0.082031,TP10,101,9,-8.08
demo-001,0.085938,TP10,101,10,-5.46
demo-001,0.089844,TP10,101,11,-1.91
demo-001,0.140625,TP9,103,0,11.11
demo-001,0.144531,TP9,103,1,6.74
demo-001,0.148438,TP9,103,2,1.96
demo-001,0.152344,TP9,103,3,-2.93
demo-001,0.156250,TP9,103,4,-7.65
demo-001,0.160156,TP9,103,5,-11.91
demo-001,0.164062,TP9,103,6,-15.46
demo-001,0.167969,TP9,103,7,-18.08
demo-001,0.171875,TP9,103,8,-19.62
demo-001,0.175781,TP9,103,9,-19.98
demo-001,0.179688,TP9,103,10,-19.14
demo-001,0.183594,TP9,103,11,-17.15
demo-001,0.140625,AF7,103,0,16.11
demo-001,0.144531,AF7,103,1,11.74
demo-001,0.148438,AF7,103,2,6.96
demo-001,0.152344,AF7,103,3,2.07
demo-001,0.156250,AF7,103,4,-2.65
demo-001,0.160156,AF7,103,5,-6.91
demo-001,0.164062,AF7,103,6,-10.46
demo-001,0.167969,AF7,103,7,-13.08
demo-001,0.171875,AF7,103,8,-14.62
demo-001,0.175781,AF7,103,9,-14.98
demo-001,0.179688,AF7,103,10,-14.14
demo-001,0.183594,AF7,103,11,-12.15
demo-001,0.140625,AF8,103,0,6.11
demo-001,0.144531,AF8,103,1,1.74
demo-001,0.148438,AF8,103,2,-3.04
demo-001,0.152344,AF8,103,3,-7.93
demo-001,0.156250,AF8,103,4,-12.65
demo-001,0.160156,AF8,103,5,-16.91
demo-001,0.164062,AF8,103,6,-20.46
demo-001,0.167969,AF8,103,7,-23.08
demo-001,0.171875,AF8,103,8,-24.62
demo-001,0.175781,AF8,103,9,-24.98
demo-001,0.179688,AF8,103,10,-24.14
demo-001,0.183594,AF8,103,11,-22.15
demo-001,0.140625,TP10,103,0,21.11
demo-001,0.144531,TP10,103,1,16.74
demo-001,0.148438,TP10,103,2,11.96
demo-001,0.152344,TP10,103,3,7.07
demo-001,0.156250,TP10,103,4,2.35
demo-001,0.160156,TP10,103,5,-1.91
demo-001,0.164062,TP10,103,6,-5.46
demo-001,0.167969,TP10,103,7,-8.08
demo-001,0.171875,TP10,103,8,-9.62
demo-001,0.175781,TP10,103,9,-9.98
demo-001,0.179688,TP10,103,10,-9.14
demo-001,0.183594,TP10,103,11,-7.15
